{
  "swarm_size": 32,
  "consensus_data": {
    "timestamp": "2025-07-27T23:25:35.852685",
    "consensus_method": "vector_similarity_voting",
    "high_performers": [],
    "consensus_weights": {
      "agent_000": 0.7341071863234511,
      "agent_001": 0.8525766132791113,
      "agent_002": 0.3800570819252802,
      "agent_003": 0.3807986297843829,
      "agent_004": 0.7679258372841916,
      "agent_005": 0.838737748296796,
      "agent_006": 0.7367823042742925,
      "agent_007": 0.37014188055762215,
      "agent_008": 0.37207041077647807,
      "agent_009": 0.35733323767664826,
      "agent_010": 0.7304211137961777,
      "agent_011": 0.8282749249535978,
      "agent_012": 0.7720587284931767,
      "agent_013": 0.7722594465953947,
      "agent_014": 0.35522163928368966,
      "agent_015": 0.8136668662522913,
      "agent_016": 0.785325940569973,
      "agent_017": 0.7186778443629677,
      "agent_018": 0.7552727670403034,
      "agent_019": 0.37026885068989246,
      "agent_020": 0.3703046956245429,
      "agent_021": 0.3626864401098067,
      "agent_022": 0.3480368067877143,
      "agent_023": 0.8128584748972542,
      "agent_024": 0.8108127588563815,
      "agent_025": 0.6646401249846051,
      "agent_026": 0.7675310774741354,
      "agent_027": 0.6997816688216837,
      "agent_028": 0.8230979868492889,
      "agent_029": 0.7607591601524696,
      "agent_030": 0.805787872400239,
      "agent_031": 0.3747060759224882
    },
    "decision_accuracy": 0.95,
    "agreement_rate": 0.96625
  },
  "agent_assignments": {
    "agent_000": {
      "name": "XORB_DEFENDER_000",
      "role": "defender",
      "specialization": "Real-time threat blocking and mitigation",
      "consensus_weight": 0.03617542159480352,
      "mission_success_rate": 0.7678498797156683,
      "fitness_score": 0.7341071863234511,
      "evolution_strategy": "targeted",
      "capabilities": [
        "threat_blocking",
        "real_time_monitoring",
        "access_control"
      ]
    },
    "agent_001": {
      "name": "XORB_EXPLORER_001",
      "role": "explorer",
      "specialization": "Network discovery and reconnaissance",
      "consensus_weight": 0.04201337216395583,
      "mission_success_rate": 0.8028755360774786,
      "fitness_score": 0.8525766132791113,
      "evolution_strategy": "aggressive",
      "capabilities": [
        "network_scanning",
        "service_discovery",
        "port_enumeration"
      ]
    },
    "agent_002": {
      "name": "XORB_OPTIMIZER_002",
      "role": "optimizer",
      "specialization": "Performance tuning and resource allocation",
      "consensus_weight": 0.018728498269570185,
      "mission_success_rate": 0.6915247901298053,
      "fitness_score": 0.7601141638505604,
      "evolution_strategy": "targeted",
      "capabilities": [
        "performance_tuning",
        "resource_allocation",
        "load_balancing"
      ]
    },
    "agent_003": {
      "name": "XORB_FORENSIC_003",
      "role": "forensic",
      "specialization": "Digital forensics and evidence collection",
      "consensus_weight": 0.01876504035352677,
      "mission_success_rate": 0.6246945053465638,
      "fitness_score": 0.7615972595687658,
      "evolution_strategy": "incremental",
      "capabilities": [
        "evidence_collection",
        "digital_forensics",
        "timeline_analysis"
      ]
    },
    "agent_004": {
      "name": "XORB_REMEDIATOR_004",
      "role": "remediator",
      "specialization": "Automated incident response and remediation",
      "consensus_weight": 0.037841941115473704,
      "mission_success_rate": 0.7390957033288712,
      "fitness_score": 0.7679258372841916,
      "evolution_strategy": "incremental",
      "capabilities": [
        "incident_response",
        "automated_remediation",
        "system_recovery"
      ]
    },
    "agent_005": {
      "name": "XORB_RECON_005",
      "role": "recon",
      "specialization": "Advanced reconnaissance and intelligence gathering",
      "consensus_weight": 0.0413314189227186,
      "mission_success_rate": 0.8844777864295499,
      "fitness_score": 0.838737748296796,
      "evolution_strategy": "aggressive",
      "capabilities": [
        "reconnaissance",
        "intelligence_gathering",
        "target_profiling"
      ]
    },
    "agent_006": {
      "name": "XORB_VALIDATOR_006",
      "role": "validator",
      "specialization": "Security validation and compliance checking",
      "consensus_weight": 0.03630724637664794,
      "mission_success_rate": 0.8220810352009752,
      "fitness_score": 0.7367823042742925,
      "evolution_strategy": "experimental",
      "capabilities": [
        "compliance_checking",
        "security_validation",
        "policy_enforcement"
      ]
    },
    "agent_007": {
      "name": "XORB_SCANNER_007",
      "role": "scanner",
      "specialization": "Vulnerability scanning and assessment",
      "consensus_weight": 0.018239895792500356,
      "mission_success_rate": 0.6684707736802331,
      "fitness_score": 0.7402837611152443,
      "evolution_strategy": "experimental",
      "capabilities": [
        "vulnerability_scanning",
        "security_assessment",
        "penetration_testing"
      ]
    },
    "agent_008": {
      "name": "XORB_ANALYZER_008",
      "role": "analyzer",
      "specialization": "Threat analysis and pattern recognition",
      "consensus_weight": 0.018334930134930417,
      "mission_success_rate": 0.6268440764288054,
      "fitness_score": 0.7441408215529561,
      "evolution_strategy": "targeted",
      "capabilities": [
        "threat_analysis",
        "pattern_recognition",
        "anomaly_detection"
      ]
    },
    "agent_009": {
      "name": "XORB_COORDINATOR_009",
      "role": "coordinator",
      "specialization": "Multi-agent coordination and orchestration",
      "consensus_weight": 0.01760870995900226,
      "mission_success_rate": 0.6551046539236266,
      "fitness_score": 0.7146664753532965,
      "evolution_strategy": "targeted",
      "capabilities": [
        "multi_agent_coordination",
        "task_orchestration",
        "resource_management"
      ]
    },
    "agent_010": {
      "name": "XORB_STEALTH_010",
      "role": "stealth",
      "specialization": "Covert operations and evasion techniques",
      "consensus_weight": 0.03599377887261338,
      "mission_success_rate": 0.7553563523175394,
      "fitness_score": 0.7304211137961777,
      "evolution_strategy": "adaptive",
      "capabilities": [
        "evasion_techniques",
        "covert_operations",
        "anti_detection"
      ]
    },
    "agent_011": {
      "name": "XORB_HUNTER_011",
      "role": "hunter",
      "specialization": "Threat hunting and active defense",
      "consensus_weight": 0.040815830664541024,
      "mission_success_rate": 0.8792275550152825,
      "fitness_score": 0.8282749249535978,
      "evolution_strategy": "aggressive",
      "capabilities": [
        "threat_hunting",
        "active_defense",
        "pursuit_tactics"
      ]
    },
    "agent_012": {
      "name": "XORB_GUARDIAN_012",
      "role": "guardian",
      "specialization": "Asset protection and access control",
      "consensus_weight": 0.03804560222202037,
      "mission_success_rate": 0.882624169225892,
      "fitness_score": 0.7720587284931767,
      "evolution_strategy": "aggressive",
      "capabilities": [
        "asset_protection",
        "perimeter_defense",
        "access_monitoring"
      ]
    },
    "agent_013": {
      "name": "XORB_INVESTIGATOR_013",
      "role": "investigator",
      "specialization": "Deep security investigation and analysis",
      "consensus_weight": 0.03805549323263124,
      "mission_success_rate": 0.8995746741564334,
      "fitness_score": 0.7722594465953947,
      "evolution_strategy": "incremental",
      "capabilities": [
        "deep_investigation",
        "root_cause_analysis",
        "correlation"
      ]
    },
    "agent_014": {
      "name": "XORB_AUDITOR_014",