{
  "swarm_size": 32,
  "consensus_data": {
    "timestamp": "2025-07-27T23:32:12.898124",
    "consensus_method": "vector_similarity_voting",
    "high_performers": [],
    "consensus_weights": {
      "agent_000": 0.8367988678198577,
      "agent_001": 0.8709662248331567,
      "agent_002": 0.37271737430527424,
      "agent_003": 0.8439187120782967,
      "agent_004": 0.7020740579887054,
      "agent_005": 0.8324283684158219,
      "agent_006": 0.7193426786857783,
      "agent_007": 0.7764675434557566,
      "agent_008": 0.8195302622009621,
      "agent_009": 0.8492153296366693,
      "agent_010": 0.826866965017794,
      "agent_011": 0.8155520837528456,
      "agent_012": 0.7919201339189476,
      "agent_013": 0.7945229363893829,
      "agent_014": 0.7770244554795717,
      "agent_015": 0.775931886158325,
      "agent_016": 0.35872698622315724,
      "agent_017": 0.7512999660434633,
      "agent_018": 0.39774541386342827,
      "agent_019": 0.8073123848160665,
      "agent_020": 0.8291583367511977,
      "agent_021": 0.7858972476516795,
      "agent_022": 0.36964227718682585,
      "agent_023": 0.8343110621885672,
      "agent_024": 0.705478959125609,
      "agent_025": 0.7461028568549973,
      "agent_026": 0.3766439165636261,
      "agent_027": 0.7837598663371528,
      "agent_028": 0.7797700480859107,
      "agent_029": 0.8030400179271633,
      "agent_030": 0.37841830448373603,
      "agent_031": 0.810072620166185
    },
    "decision_accuracy": 0.95,
    "agreement_rate": 0.9715625
  },
  "agent_assignments": {
    "agent_000": {
      "name": "XORB_DEFENDER_000",
      "role": "defender",
      "specialization": "Real-time threat blocking and mitigation",
      "consensus_weight": 0.03650531550696583,
      "mission_success_rate": 0.8903651394125546,
      "fitness_score": 0.8367988678198577,
      "evolution_strategy": "targeted",
      "capabilities": [
        "threat_blocking",
        "real_time_monitoring",
        "access_control"
      ]
    },
    "agent_001": {
      "name": "XORB_EXPLORER_001",
      "role": "explorer",
      "specialization": "Network discovery and reconnaissance",
      "consensus_weight": 0.03799586502343354,
      "mission_success_rate": 0.8890712090964954,
      "fitness_score": 0.8709662248331567,
      "evolution_strategy": "adaptive",
      "capabilities": [
        "network_scanning",
        "service_discovery",
        "port_enumeration"
      ]
    },
    "agent_002": {
      "name": "XORB_OPTIMIZER_002",
      "role": "optimizer",
      "specialization": "Performance tuning and resource allocation",
      "consensus_weight": 0.01625977981948105,
      "mission_success_rate": 0.6378327967675389,
      "fitness_score": 0.7454347486105485,
      "evolution_strategy": "aggressive",
      "capabilities": [
        "performance_tuning",
        "resource_allocation",
        "load_balancing"
      ]
    },
    "agent_003": {
      "name": "XORB_FORENSIC_003",
      "role": "forensic",
      "specialization": "Digital forensics and evidence collection",
      "consensus_weight": 0.03681591841408009,
      "mission_success_rate": 0.8944042845856968,
      "fitness_score": 0.8439187120782967,
      "evolution_strategy": "targeted",
      "capabilities": [
        "evidence_collection",
        "digital_forensics",
        "timeline_analysis"
      ]
    },
    "agent_004": {
      "name": "XORB_REMEDIATOR_004",
      "role": "remediator",
      "specialization": "Automated incident response and remediation",
      "consensus_weight": 0.030627951329459613,
      "mission_success_rate": 0.804454199638578,
      "fitness_score": 0.7020740579887054,
      "evolution_strategy": "incremental",
      "capabilities": [
        "incident_response",
        "automated_remediation",
        "system_recovery"
      ]
    },
    "agent_005": {
      "name": "XORB_RECON_005",
      "role": "recon",
      "specialization": "Advanced reconnaissance and intelligence gathering",
      "consensus_weight": 0.036314652653796575,
      "mission_success_rate": 0.8829104227288365,
      "fitness_score": 0.8324283684158219,
      "evolution_strategy": "aggressive",
      "capabilities": [
        "reconnaissance",
        "intelligence_gathering",
        "target_profiling"
      ]
    },
    "agent_006": {
      "name": "XORB_VALIDATOR_006",
      "role": "validator",
      "specialization": "Security validation and compliance checking",
      "consensus_weight": 0.03138129418299282,
      "mission_success_rate": 0.775852747147886,
      "fitness_score": 0.7193426786857783,
      "evolution_strategy": "incremental",
      "capabilities": [
        "compliance_checking",
        "security_validation",
        "policy_enforcement"
      ]
    },
    "agent_007": {
      "name": "XORB_SCANNER_007",
      "role": "scanner",
      "specialization": "Vulnerability scanning and assessment",
      "consensus_weight": 0.03387336401233411,
      "mission_success_rate": 0.8300494841618278,
      "fitness_score": 0.7764675434557566,
      "evolution_strategy": "targeted",
      "capabilities": [
        "vulnerability_scanning",
        "security_assessment",
        "penetration_testing"
      ]
    },
    "agent_008": {
      "name": "XORB_ANALYZER_008",
      "role": "analyzer",
      "specialization": "Threat analysis and pattern recognition",
      "consensus_weight": 0.035751973311217475,
      "mission_success_rate": 0.8417374224607079,
      "fitness_score": 0.8195302622009621,
      "evolution_strategy": "incremental",
      "capabilities": [
        "threat_analysis",
        "pattern_recognition",
        "anomaly_detection"
      ]
    },
    "agent_009": {
      "name": "XORB_COORDINATOR_009",
      "role": "coordinator",
      "specialization": "Multi-agent coordination and orchestration",
      "consensus_weight": 0.03704698313288388,
      "mission_success_rate": 0.7486174003502527,
      "fitness_score": 0.8492153296366693,
      "evolution_strategy": "aggressive",
      "capabilities": [
        "multi_agent_coordination",
        "task_orchestration",
        "resource_management"
      ]
    },
    "agent_010": {
      "name": "XORB_STEALTH_010",
      "role": "stealth",
      "specialization": "Covert operations and evasion techniques",
      "consensus_weight": 0.03607203666384494,
      "mission_success_rate": 0.8034212299331006,
      "fitness_score": 0.826866965017794,
      "evolution_strategy": "experimental",
      "capabilities": [
        "evasion_techniques",
        "covert_operations",
        "anti_detection"
      ]
    },
    "agent_011": {
      "name": "XORB_HUNTER_011",
      "role": "hunter",
      "specialization": "Threat hunting and active defense",
      "consensus_weight": 0.035578425443293295,
      "mission_success_rate": 0.75844086628946,
      "fitness_score": 0.8155520837528456,
      "evolution_strategy": "experimental",
      "capabilities": [
        "threat_hunting",
        "active_defense",
        "pursuit_tactics"
      ]
    },
    "agent_012": {
      "name": "XORB_GUARDIAN_012",
      "role": "guardian",
      "specialization": "Asset protection and access control",
      "consensus_weight": 0.034547482623092256,
      "mission_success_rate": 0.8583698457937097,
      "fitness_score": 0.7919201339189476,
      "evolution_strategy": "experimental",
      "capabilities": [
        "asset_protection",
        "perimeter_defense",
        "access_monitoring"
      ]
    },
    "agent_013": {
      "name": "XORB_INVESTIGATOR_013",
      "role": "investigator",
      "specialization": "Deep security investigation and analysis",
      "consensus_weight": 0.03466102977168377,
      "mission_success_rate": 0.7643423490729808,
      "fitness_score": 0.7945229363893829,
      "evolution_strategy": "aggressive",
      "capabilities": [
        "deep_investigation",
        "root_cause_analysis",
        "correlation"
      ]
    },
    "agent_014": {
      "name": "XORB_AUDITOR_014",