{
  "swarm_size": 32,
  "consensus_data": {
    "timestamp": "2025-07-28T06:32:50.975494",
    "consensus_method": "vector_similarity_voting",
    "high_performers": [],
    "consensus_weights": {
      "agent_000": 0.3825735242190825,
      "agent_001": 0.7607621059600471,
      "agent_002": 0.7609210855444726,
      "agent_003": 0.861610401966366,
      "agent_004": 0.7695131995125166,
      "agent_005": 0.3731692272629886,
      "agent_006": 0.7996610823444932,
      "agent_007": 0.7856620384251385,
      "agent_008": 0.7979909876401079,
      "agent_009": 0.7581156934384728,
      "agent_010": 0.37648558686614747,
      "agent_011": 0.37721582380798746,
      "agent_012": 0.35504140635607384,
      "agent_013": 0.8466779103251789,
      "agent_014": 0.7271463482605335,
      "agent_015": 0.34381496295845104,
      "agent_016": 0.7914905331352257,
      "agent_017": 0.3814430868157913,
      "agent_018": 0.797862531921676,
      "agent_019": 0.7886247654559324,
      "agent_020": 0.8193612633952048,
      "agent_021": 0.7834835192684075,
      "agent_022": 0.7477056808943089,
      "agent_023": 0.7695703417987213,
      "agent_024": 0.39855986969295776,
      "agent_025": 0.40048115549115904,
      "agent_026": 0.7464468084547498,
      "agent_027": 0.811952260108247,
      "agent_028": 0.6847769983289596,
      "agent_029": 0.36343653808882115,
      "agent_030": 0.32095452217129666,
      "agent_031": 0.7638394314254838
    },
    "decision_accuracy": 0.95,
    "agreement_rate": 0.97625
  },
  "agent_assignments": {
    "agent_000": {
      "name": "XORB_DEFENDER_000",
      "role": "defender",
      "specialization": "Real-time threat blocking and mitigation",
      "consensus_weight": 0.01871109079534736,
      "mission_success_rate": 0.6925433113220755,
      "fitness_score": 0.765147048438165,
      "evolution_strategy": "incremental",
      "capabilities": [
        "threat_blocking",
        "real_time_monitoring",
        "access_control"
      ]
    },
    "agent_001": {
      "name": "XORB_EXPLORER_001",
      "role": "explorer",
      "specialization": "Network discovery and reconnaissance",
      "consensus_weight": 0.037207720705018134,
      "mission_success_rate": 0.715566555157023,
      "fitness_score": 0.7607621059600471,
      "evolution_strategy": "incremental",
      "capabilities": [
        "network_scanning",
        "service_discovery",
        "port_enumeration"
      ]
    },
    "agent_002": {
      "name": "XORB_OPTIMIZER_002",
      "role": "optimizer",
      "specialization": "Performance tuning and resource allocation",
      "consensus_weight": 0.037215496155357686,
      "mission_success_rate": 0.8162894865850022,
      "fitness_score": 0.7609210855444726,
      "evolution_strategy": "adaptive",
      "capabilities": [
        "performance_tuning",
        "resource_allocation",
        "load_balancing"
      ]
    },
    "agent_003": {
      "name": "XORB_FORENSIC_003",
      "role": "forensic",
      "specialization": "Digital forensics and evidence collection",
      "consensus_weight": 0.042140057899501336,
      "mission_success_rate": 0.8959740987911211,
      "fitness_score": 0.861610401966366,
      "evolution_strategy": "incremental",
      "capabilities": [
        "evidence_collection",
        "digital_forensics",
        "timeline_analysis"
      ]
    },
    "agent_004": {
      "name": "XORB_REMEDIATOR_004",
      "role": "remediator",
      "specialization": "Automated incident response and remediation",
      "consensus_weight": 0.037635723417315255,
      "mission_success_rate": 0.7560099300144085,
      "fitness_score": 0.7695131995125166,
      "evolution_strategy": "adaptive",
      "capabilities": [
        "incident_response",
        "automated_remediation",
        "system_recovery"
      ]
    },
    "agent_005": {
      "name": "XORB_RECON_005",
      "role": "recon",
      "specialization": "Advanced reconnaissance and intelligence gathering",
      "consensus_weight": 0.018251140895335166,
      "mission_success_rate": 0.6233211437792149,
      "fitness_score": 0.7463384545259772,
      "evolution_strategy": "adaptive",
      "capabilities": [
        "reconnaissance",
        "intelligence_gathering",
        "target_profiling"
      ]
    },
    "agent_006": {
      "name": "XORB_VALIDATOR_006",
      "role": "validator",
      "specialization": "Security validation and compliance checking",
      "consensus_weight": 0.0391102106393677,
      "mission_success_rate": 0.8732023181315134,
      "fitness_score": 0.7996610823444932,
      "evolution_strategy": "targeted",
      "capabilities": [
        "compliance_checking",
        "security_validation",
        "policy_enforcement"
      ]
    },
    "agent_007": {
      "name": "XORB_SCANNER_007",
      "role": "scanner",
      "specialization": "Vulnerability scanning and assessment",
      "consensus_weight": 0.03842553863453471,
      "mission_success_rate": 0.7301653418167274,
      "fitness_score": 0.7856620384251385,
      "evolution_strategy": "aggressive",
      "capabilities": [
        "vulnerability_scanning",
        "security_assessment",
        "penetration_testing"
      ]
    },
    "agent_008": {
      "name": "XORB_ANALYZER_008",
      "role": "analyzer",
      "specialization": "Threat analysis and pattern recognition",
      "consensus_weight": 0.039028528840517746,
      "mission_success_rate": 0.7249577334661749,
      "fitness_score": 0.7979909876401079,
      "evolution_strategy": "experimental",
      "capabilities": [
        "threat_analysis",
        "pattern_recognition",
        "anomaly_detection"
      ]
    },
    "agent_009": {
      "name": "XORB_COORDINATOR_009",
      "role": "coordinator",
      "specialization": "Multi-agent coordination and orchestration",
      "consensus_weight": 0.03707828868257436,
      "mission_success_rate": 0.7340942612024524,
      "fitness_score": 0.7581156934384728,
      "evolution_strategy": "incremental",
      "capabilities": [
        "multi_agent_coordination",
        "task_orchestration",
        "resource_management"
      ]
    },
    "agent_010": {
      "name": "XORB_STEALTH_010",
      "role": "stealth",
      "specialization": "Covert operations and evasion techniques",
      "consensus_weight": 0.018413339013386827,
      "mission_success_rate": 0.6447417467861762,
      "fitness_score": 0.7529711737322949,
      "evolution_strategy": "aggressive",
      "capabilities": [
        "evasion_techniques",
        "covert_operations",
        "anti_detection"
      ]
    },
    "agent_011": {
      "name": "XORB_HUNTER_011",
      "role": "hunter",
      "specialization": "Threat hunting and active defense",
      "consensus_weight": 0.01844905379461424,
      "mission_success_rate": 0.6872808786870791,
      "fitness_score": 0.7544316476159749,
      "evolution_strategy": "adaptive",
      "capabilities": [
        "threat_hunting",
        "active_defense",
        "pursuit_tactics"
      ]
    },
    "agent_012": {
      "name": "XORB_GUARDIAN_012",
      "role": "guardian",
      "specialization": "Asset protection and access control",
      "consensus_weight": 0.017364536670425867,
      "mission_success_rate": 0.6355928034985523,
      "fitness_score": 0.7100828127121477,
      "evolution_strategy": "aggressive",
      "capabilities": [
        "asset_protection",
        "perimeter_defense",
        "access_monitoring"
      ]
    },
    "agent_013": {
      "name": "XORB_INVESTIGATOR_013",
      "role": "investigator",
      "specialization": "Deep security investigation and analysis",
      "consensus_weight": 0.04140973238241454,
      "mission_success_rate": 0.8253203398594838,
      "fitness_score": 0.8466779103251789,
      "evolution_strategy": "aggressive",
      "capabilities": [
        "deep_investigation",
        "root_cause_analysis",
        "correlation"
      ]
    },
    "agent_014": {
      "name": "XORB_AUDITOR_014",